Series Name,Series Code,Country Name,Country Code,1999 [YR1999],2000 [YR2000],2001 [YR2001],2002 [YR2002],2003 [YR2003],2004 [YR2004],2005 [YR2005],2006 [YR2006],2007 [YR2007],2008 [YR2008],2009 [YR2009],2010 [YR2010],2011 [YR2011],2012 [YR2012],2013 [YR2013],2014 [YR2014],2015 [YR2015],2016 [YR2016],2017 [YR2017]
"Life expectancy at birth, total (years)",SP.DYN.LE00.IN,Afghanistan,AFG,54.959,55.482,56.044,56.637,57.25,57.875,58.5,59.11,59.694,60.243,60.754,61.226,61.666,62.086,62.494,62.895,63.288,63.673,64.047
"Life expectancy at birth, total (years)",SP.DYN.LE00.IN,Albania,ALB,73.588,73.955,74.286,74.575,74.82,75.028,75.217,75.418,75.656,75.943,76.281,76.652,77.031,77.389,77.702,77.963,78.174,78.345,78.495
"Life expectancy at birth, total (years)",SP.DYN.LE00.IN,Algeria,DZA,69.822,70.292,70.778,71.276,71.78,72.281,72.767,73.225,73.648,74.032,74.374,74.676,74.944,75.187,75.418,75.641,75.86,76.078,76.293
"Life expectancy at birth, total (years)",SP.DYN.LE00.IN,American Samoa,ASM,..,..,..,..,..,..,..,..,..,..,..,..,..,..,..,..,..,..,..
"Life expectancy at birth, total (years)",SP.DYN.LE00.IN,Andorra,AND,..,..,..,..,..,..,..,..,..,..,..,..,..,..,..,..,..,..,..
"Life expectancy at birth, total (years)",SP.DYN.LE00.IN,Angola,AGO,46.105,47.113,48.2,49.341,50.508,51.676,52.833,53.974,55.096,56.189,57.231,58.192,59.042,59.77,60.373,60.858,61.241,61.547,61.809
"Life expectancy at birth, total (years)",SP.DYN.LE00.IN,Antigua and Barbuda,ATG,73.327,73.541,73.752,73.957,74.158,74.354,74.544,74.727,74.905,75.078,75.247,75.412,75.574,75.733,75.892,76.05,76.207,76.364,76.519
"Life expectancy at birth, total (years)",SP.DYN.LE00.IN,Argentina,ARG,73.618,73.832,74.039,74.236,74.424,74.603,74.775,74.941,75.105,75.268,75.431,75.595,75.761,75.926,76.089,76.252,76.415,76.577,76.738
"Life expectancy at birth, total (years)",SP.DYN.LE00.IN,Armenia,ARM,70.944,71.409,71.8,72.112,72.347,72.512,72.625,72.715,72.815,72.946,73.119,73.331,73.571,73.814,74.044,74.255,74.445,74.618,74.782
"Life expectancy at birth, total (years)",SP.DYN.LE00.IN,Aruba,ABW,73.738,73.787,73.853,73.937,74.038,74.156,74.287,74.429,74.576,74.725,74.872,75.016,75.158,75.299,75.44,75.582,75.725,75.867,76.01
"Life expectancy at birth, total (years)",SP.DYN.LE00.IN,Australia,AUS,78.93170732,79.23414634,79.63414634,79.93658537,80.23902439,80.4902439,80.84146341,81.04146341,81.29268293,81.39512195,81.54390244,81.69512195,81.89512195,82.04634146,82.14878049,82.3,82.4,82.44878049,82.49756098
"Life expectancy at birth, total (years)",SP.DYN.LE00.IN,Austria,AUT,77.87560976,78.12682927,78.57560976,78.67804878,78.63170732,79.1804878,79.33170732,79.8804878,80.1804878,80.43170732,80.33170732,80.5804878,80.98292683,80.93658537,81.13658537,81.4902439,81.1902439,81.64146341,81.64146341
"Life expectancy at birth, total (years)",SP.DYN.LE00.IN,Azerbaijan,AZE,66.491,66.763,67.054,67.391,67.791,68.249,68.75,69.269,69.774,70.238,70.646,70.987,71.26,71.478,71.656,71.8,71.921,72.026,72.123
"Life expectancy at birth, total (years)",SP.DYN.LE00.IN,"Bahamas, The",BHS,72.093,72.37,72.668,72.971,73.264,73.538,73.787,74.012,74.218,74.41,74.591,74.761,74.923,75.079,75.23,75.379,75.527,75.675,75.823
"Life expectancy at birth, total (years)",SP.DYN.LE00.IN,Bahrain,BHR,74.239,74.44,74.635,74.822,74.999,75.167,75.326,75.478,75.625,75.77,75.913,76.056,76.199,76.341,76.482,76.622,76.761,76.9,77.038
"Life expectancy at birth, total (years)",SP.DYN.LE00.IN,Bangladesh,BGD,64.702,65.324,65.903,66.448,66.965,67.46,67.937,68.403,68.861,69.312,69.759,70.198,70.626,71.039,71.431,71.803,72.155,72.489,72.808
"Life expectancy at birth, total (years)",SP.DYN.LE00.IN,Barbados,BRB,73.213,73.377,73.535,73.691,73.847,74.004,74.163,74.324,74.486,74.648,74.811,74.973,75.133,75.292,75.448,75.603,75.755,75.906,76.057
"Life expectancy at birth, total (years)",SP.DYN.LE00.IN,Belarus,BLR,67.90731707,68.91219512,68.50731707,68.05609756,68.55365854,68.95609756,68.85121951,69.40487805,70.20731707,70.45609756,70.40731707,70.40487805,70.55365854,71.96585366,72.47073171,72.97073171,73.62439024,73.82682927,74.12926829
"Life expectancy at birth, total (years)",SP.DYN.LE00.IN,Belgium,BEL,77.6195122,77.72195122,77.97317073,78.07560976,78.12926829,78.87804878,78.9804878,79.3804878,79.78292683,79.6804878,80.03414634,80.18292683,80.58536585,80.38536585,80.58780488,81.28780488,80.99268293,81.43902439,81.43902439
"Life expectancy at birth, total (years)",SP.DYN.LE00.IN,Belize,BLZ,68.4,68.329,68.356,68.46,68.619,68.815,69.023,69.218,69.385,69.517,69.611,69.676,69.731,69.798,69.895,70.027,70.192,70.384,70.588
"Life expectancy at birth, total (years)",SP.DYN.LE00.IN,Benin,BEN,55.218,55.391,55.668,56.025,56.436,56.887,57.355,57.817,58.255,58.654,59.009,59.319,59.595,59.855,60.113,60.373,60.639,60.907,61.171
"Life expectancy at birth, total (years)",SP.DYN.LE00.IN,Bermuda,BMU,..,77.88536585,77.88536585,78.08780488,78.33414634,78.48536585,78.68536585,78.88780488,78.93414634,79.23658537,79.38843902,79.28853659,81.15268293,81.67780488,80.57243902,80.79731707,81.01219512,81.22707317,81.44195122
"Life expectancy at birth, total (years)",SP.DYN.LE00.IN,Bhutan,BTN,59.899,60.758,61.625,62.484,63.322,64.126,64.882,65.578,66.214,66.792,67.315,67.79,68.227,68.639,69.038,69.43,69.817,70.197,70.565
"Life expectancy at birth, total (years)",SP.DYN.LE00.IN,Bolivia,BOL,60.122,60.69,61.26,61.829,62.399,62.968,63.538,64.113,64.692,65.272,65.847,66.408,66.945,67.451,67.922,68.357,68.756,69.125,69.473
"Life expectancy at birth, total (years)",SP.DYN.LE00.IN,Bosnia and Herzegovina,BIH,74.057,74.413,74.653,74.824,74.967,75.096,75.223,75.353,75.486,75.619,75.758,75.905,76.06,76.223,76.39,76.561,76.735,76.911,77.087
"Life expectancy at birth, total (years)",SP.DYN.LE00.IN,Botswana,BWA,49.712,49.03,48.838,49.108,49.788,50.832,52.165,53.695,55.312,56.919,58.45,59.868,61.179,62.425,63.63,64.78,65.846,66.797,67.618
"Life expectancy at birth, total (years)",SP.DYN.LE00.IN,Brazil,BRA,69.599,70.055,70.486,70.896,71.29,71.67,72.04,72.405,72.768,73.129,73.488,73.838,74.174,74.488,74.777,75.042,75.284,75.509,75.723
"Life expectancy at birth, total (years)",SP.DYN.LE00.IN,British Virgin Islands,VGB,..,..,..,..,..,..,..,..,..,..,..,..,..,..,..,..,..,..,..
"Life expectancy at birth, total (years)",SP.DYN.LE00.IN,Brunei Darussalam,BRN,74.985,75.202,75.425,75.65,75.875,76.093,76.291,76.455,76.577,76.656,76.699,76.719,76.734,76.764,76.823,76.917,77.046,77.203,77.374
"Life expectancy at birth, total (years)",SP.DYN.LE00.IN,Bulgaria,BGR,71.41219512,71.66341463,71.76829268,71.86585366,72.06585366,72.56341463,72.56097561,72.61219512,72.66341463,72.96341463,73.41219512,73.51219512,74.16341463,74.31463415,74.86097561,74.46585366,74.61463415,74.81219512,74.81219512
"Life expectancy at birth, total (years)",SP.DYN.LE00.IN,Burkina Faso,BFA,50.168,50.489,50.893,51.384,51.956,52.602,53.31,54.063,54.841,55.618,56.376,57.096,57.762,58.377,58.942,59.457,59.927,60.361,60.77
"Life expectancy at birth, total (years)",SP.DYN.LE00.IN,Burundi,BDI,51.213,51.545,51.779,51.977,52.19,52.437,52.735,53.09,53.492,53.926,54.386,54.861,55.338,55.807,56.259,56.688,57.094,57.481,57.857
"Life expectancy at birth, total (years)",SP.DYN.LE00.IN,Cabo Verde,CPV,69.086,69.747,70.358,70.882,71.293,71.584,71.76,71.842,71.869,71.881,71.899,71.941,72.019,72.127,72.259,72.418,72.599,72.798,73.004
"Life expectancy at birth, total (years)",SP.DYN.LE00.IN,Cambodia,KHM,57.604,58.432,59.335,60.283,61.241,62.186,63.088,63.927,64.695,65.391,66.01,66.555,67.034,67.466,67.868,68.251,68.62,68.981,69.331
"Life expectancy at birth, total (years)",SP.DYN.LE00.IN,Cameroon,CMR,49.7,50.026,50.495,51.059,51.671,52.301,52.916,53.494,54.033,54.535,54.996,55.424,55.832,56.241,56.665,57.111,57.582,58.073,58.575
"Life expectancy at birth, total (years)",SP.DYN.LE00.IN,Canada,CAN,78.88536585,79.13658537,79.33902439,79.4902439,79.74146341,79.89268293,80.19268293,80.34390244,80.54390244,80.69512195,80.99512195,81.24634146,81.44878049,81.64878049,81.74878049,81.8,81.9,82.3005122,82.4704878
"Life expectancy at birth, total (years)",SP.DYN.LE00.IN,Cayman Islands,CYM,..,..,..,..,..,..,..,..,..,..,..,82.1902439,..,..,..,..,..,..,..
"Life expectancy at birth, total (years)",SP.DYN.LE00.IN,Central African Republic,CAF,44.254,43.937,43.755,43.718,43.827,44.08,44.466,44.967,45.552,46.19,46.862,47.56,48.284,49.041,49.825,50.621,51.41,52.171,52.89
"Life expectancy at birth, total (years)",SP.DYN.LE00.IN,Chad,TCD,47.59,47.593,47.603,47.638,47.716,47.848,48.054,48.349,48.729,49.182,49.691,50.233,50.778,51.3,51.778,52.204,52.575,52.903,53.208
"Life expectancy at birth, total (years)",SP.DYN.LE00.IN,Channel Islands,CHI,77.358,77.602,77.864,78.137,78.417,78.699,78.975,79.241,79.493,79.729,79.947,80.145,80.326,80.494,80.654,80.807,80.958,81.107,81.255
"Life expectancy at birth, total (years)",SP.DYN.LE00.IN,Chile,CHL,76.533,76.793,77.034,77.255,77.453,77.632,77.791,77.934,78.066,78.193,78.32,78.454,78.599,78.758,78.931,79.117,79.315,79.522,79.732
"Life expectancy at birth, total (years)",SP.DYN.LE00.IN,China,CHN,71.521,71.955,72.401,72.84,73.257,73.642,73.987,74.291,74.562,74.808,75.032,75.236,75.425,75.602,75.769,75.932,76.092,76.252,76.41
"Life expectancy at birth, total (years)",SP.DYN.LE00.IN,Colombia,COL,70.727,71.019,71.293,71.556,71.813,72.062,72.303,72.532,72.749,72.952,73.143,73.325,73.5,73.673,73.847,74.022,74.2,74.381,74.562
"Life expectancy at birth, total (years)",SP.DYN.LE00.IN,Comoros,COM,59.388,59.46,59.529,59.617,59.738,59.904,60.126,60.407,60.734,61.094,61.475,61.862,62.24,62.596,62.923,63.216,63.473,63.701,63.912
"Life expectancy at birth, total (years)",SP.DYN.LE00.IN,"Congo, Dem. Rep.",COD,49.557,50.041,50.667,51.385,52.144,52.917,53.675,54.401,55.091,55.743,56.35,56.907,57.418,57.894,58.347,58.782,59.205,59.621,60.031
"Life expectancy at birth, total (years)",SP.DYN.LE00.IN,"Congo, Rep.",COG,51.473,51.397,51.577,52.017,52.703,53.608,54.687,55.881,57.115,58.321,59.452,60.473,61.37,62.169,62.89,63.536,64.112,64.625,65.088
"Life expectancy at birth, total (years)",SP.DYN.LE00.IN,Costa Rica,CRI,77.288,77.448,77.597,77.736,77.868,77.993,78.114,78.234,78.355,78.481,78.613,78.756,78.911,79.077,79.254,79.44,79.634,79.831,80.03
"Life expectancy at birth, total (years)",SP.DYN.LE00.IN,Cote d'Ivoire,CIV,46.969,46.672,46.567,46.637,46.856,47.205,47.658,48.183,48.747,49.321,49.883,50.423,50.945,51.463,51.989,52.52,53.053,53.582,54.102
"Life expectancy at birth, total (years)",SP.DYN.LE00.IN,Croatia,HRV,72.64195122,72.80780488,74.51292683,74.71731707,74.61390244,75.5202439,75.24463415,75.83682927,75.70560976,75.91219512,76.16829268,76.47560976,76.77560976,76.92439024,77.12682927,77.47804878,77.27560976,78.02195122,77.82682927
"Life expectancy at birth, total (years)",SP.DYN.LE00.IN,Cuba,CUB,76.437,76.658,76.88,77.119,77.381,77.663,77.95,78.225,78.469,78.672,78.833,78.959,79.064,79.167,79.282,79.415,79.57,79.742,79.921
"Life expectancy at birth, total (years)",SP.DYN.LE00.IN,Curacao,CUW,..,..,..,..,..,..,..,74.7097561,75.36341463,75.3097561,76.15609756,..,77.47317073,77.52439024,77.82682927,77.97560976,78.07560976,77.7195122,78.01707317
"Life expectancy at birth, total (years)",SP.DYN.LE00.IN,Cyprus,CYP,77.876,78.01,78.14,78.264,78.386,78.506,78.631,78.764,78.911,79.071,79.245,79.43,79.62,79.81,79.995,80.173,80.344,80.508,80.67
"Life expectancy at birth, total (years)",SP.DYN.LE00.IN,Czech Republic,CZE,74.66829268,74.96829268,75.17317073,75.22195122,75.17073171,75.72195122,75.92439024,76.52439024,76.72439024,76.97560976,77.07804878,77.42439024,77.87317073,78.07560976,78.17560976,78.82439024,78.57804878,79.02682927,79.47560976
"Life expectancy at birth, total (years)",SP.DYN.LE00.IN,Denmark,DNK,76.34146341,76.59268293,76.79268293,76.89512195,77.14390244,77.49268293,77.84390244,78.09512195,78.19512195,78.44634146,78.59756098,79.1,79.8,80.05121951,80.3,80.7,80.70243902,80.85365854,81.00487805
"Life expectancy at birth, total (years)",SP.DYN.LE00.IN,Djibouti,DJI,56.992,57.021,57.1,57.233,57.424,57.677,57.999,58.393,58.848,59.345,59.865,60.383,60.87,61.31,61.691,62.006,62.26,62.465,62.643
"Life expectancy at birth, total (years)",SP.DYN.LE00.IN,Dominica,DMA,..,..,..,76.59756098,..,..,..,..,..,..,..,..,..,..,..,..,..,..,..
"Life expectancy at birth, total (years)",SP.DYN.LE00.IN,Dominican Republic,DOM,70.374,70.568,70.775,70.99,71.207,71.425,71.644,71.862,72.078,72.29,72.498,72.702,72.901,73.098,73.292,73.483,73.673,73.861,74.048
"Life expectancy at birth, total (years)",SP.DYN.LE00.IN,Ecuador,ECU,72.624,72.933,73.22,73.482,73.72,73.937,74.136,74.322,74.501,74.678,74.859,75.046,75.244,75.449,75.661,75.879,76.102,76.327,76.551
"Life expectancy at birth, total (years)",SP.DYN.LE00.IN,"Egypt, Arab Rep.",EGY,68.368,68.613,68.807,68.972,69.127,69.282,69.444,69.618,69.797,69.98,70.167,70.357,70.55,70.742,70.933,71.12,71.304,71.484,71.661
"Life expectancy at birth, total (years)",SP.DYN.LE00.IN,El Salvador,SLV,68.541,68.834,69.135,69.44,69.743,70.048,70.357,70.668,70.98,71.291,71.599,71.902,72.195,72.479,72.753,73.015,73.267,73.512,73.75
"Life expectancy at birth, total (years)",SP.DYN.LE00.IN,Equatorial Guinea,GNQ,52.371,52.752,53.099,53.415,53.709,53.987,54.262,54.55,54.858,55.19,55.543,55.908,56.265,56.601,56.905,57.18,57.434,57.681,57.939
"Life expectancy at birth, total (years)",SP.DYN.LE00.IN,Eritrea,ERI,54.693,55.258,55.847,56.483,57.174,57.916,58.691,59.472,60.23,60.94,61.591,62.181,62.718,63.22,63.703,64.174,64.636,65.092,65.536
"Life expectancy at birth, total (years)",SP.DYN.LE00.IN,Estonia,EST,70.06341463,70.41707317,70.25853659,70.90487805,71.31707317,71.9097561,72.56829268,72.69146341,72.81463415,73.77073171,74.82439024,75.42926829,76.22926829,76.32682927,77.14146341,77.03414634,77.5902439,77.64146341,77.64146341
"Life expectancy at birth, total (years)",SP.DYN.LE00.IN,Eswatini,SWZ,49.968,48.521,47.352,46.508,46.018,45.905,46.185,46.846,47.805,48.969,50.26,51.598,52.912,54.158,55.296,56.287,57.107,57.754,58.268
"Life expectancy at birth, total (years)",SP.DYN.LE00.IN,Ethiopia,ETH,51.366,51.94,52.593,53.347,54.209,55.172,56.221,57.333,58.466,59.58,60.643,61.625,62.501,63.275,63.952,64.535,65.037,65.475,65.874
"Life expectancy at birth, total (years)",SP.DYN.LE00.IN,Faroe Islands,FRO,78.2804878,78.43414634,78.63658537,78.78780488,78.9902439,79.1902439,79.44146341,79.6902439,79.8902439,80.13902439,80.38780488,80.58780488,80.8902439,81.14146341,81.39268293,81.69512195,81.94634146,82.19756098,82.4
"Life expectancy at birth, total (years)",SP.DYN.LE00.IN,Fiji,FJI,67.365,67.553,67.734,67.91,68.079,68.243,68.405,68.569,68.737,68.909,69.087,69.267,69.448,69.625,69.796,69.96,70.117,70.269,70.417
"Life expectancy at birth, total (years)",SP.DYN.LE00.IN,Finland,FIN,77.29121951,77.46585366,77.96585366,78.1195122,78.36829268,78.71463415,78.81707317,79.21463415,79.26341463,79.56829268,79.7195122,79.87073171,80.47073171,80.62682927,80.97560976,81.1804878,81.4804878,81.42926829,81.42926829
"Life expectancy at birth, total (years)",SP.DYN.LE00.IN,France,FRA,78.75609756,79.05609756,79.15853659,79.26097561,79.11463415,80.16341463,80.16341463,80.81219512,81.11219512,81.21463415,81.41463415,81.66341463,82.11463415,81.96829268,82.2195122,82.67073171,82.32195122,82.52439024,82.52439024
"Life expectancy at birth, total (years)",SP.DYN.LE00.IN,French Polynesia,PYF,71.955,72.313,72.669,73.029,73.396,73.766,74.132,74.486,74.818,75.123,75.397,75.643,75.862,76.065,76.257,76.444,76.628,76.813,76.996
"Life expectancy at birth, total (years)",SP.DYN.LE00.IN,Gabon,GAB,59.527,59.302,59.171,59.154,59.266,59.512,59.89,60.388,60.969,61.597,62.247,62.893,63.519,64.119,64.686,65.211,65.685,66.105,66.48
"Life expectancy at birth, total (years)",SP.DYN.LE00.IN,"Gambia, The",GMB,55.513,55.924,56.329,56.732,57.132,57.527,57.914,58.289,58.648,58.991,59.316,59.622,59.911,60.187,60.452,60.707,60.954,61.193,61.424
"Life expectancy at birth, total (years)",SP.DYN.LE00.IN,Georgia,GEO,71.596,71.907,72.182,72.408,72.575,72.682,72.73,72.73,72.704,72.673,72.65,72.649,72.68,72.742,72.832,72.951,73.096,73.261,73.436
"Life expectancy at birth, total (years)",SP.DYN.LE00.IN,Germany,DEU,77.72682927,77.92682927,78.32926829,78.22926829,78.3804878,78.6804878,78.93170732,79.13170732,79.53414634,79.73658537,79.83658537,79.98780488,80.43658537,80.53902439,80.4902439,81.0902439,80.64146341,80.9902439,80.9902439
"Life expectancy at birth, total (years)",SP.DYN.LE00.IN,Ghana,GHA,56.962,56.994,57.147,57.41,57.761,58.187,58.666,59.167,59.663,60.128,60.55,60.924,61.254,61.561,61.86,62.154,62.448,62.742,63.033
"Life expectancy at birth, total (years)",SP.DYN.LE00.IN,Gibraltar,GIB,..,..,..,..,..,..,..,..,..,..,..,..,..,..,..,..,..,..,..
"Life expectancy at birth, total (years)",SP.DYN.LE00.IN,Greece,GRC,77.98780488,77.88780488,78.38780488,78.64146341,78.84146341,79.03902439,79.23902439,79.43902439,79.43902439,79.93902439,80.18780488,80.38780488,80.73170732,80.63414634,81.28536585,81.38536585,81.03658537,81.38780488,81.38780488
"Life expectancy at birth, total (years)",SP.DYN.LE00.IN,Greenland,GRL,66.40341463,66.96341463,67.60780488,68.16268293,68.43536585,68.80682927,69.22073171,69.51926829,69.98268293,70.21341463,70.46780488,70.85707317,71.06243902,71.29902439,71.8304878,71.53841463,71.24634146,..,..
"Life expectancy at birth, total (years)",SP.DYN.LE00.IN,Grenada,GRD,70.131,70.337,70.551,70.77,70.991,71.213,71.438,71.667,71.903,72.142,72.383,72.618,72.84,73.044,73.227,73.388,73.531,73.659,73.78
"Life expectancy at birth, total (years)",SP.DYN.LE00.IN,Guam,GUM,74.646,75.01,75.369,75.715,76.047,76.362,76.663,76.956,77.249,77.543,77.84,78.134,78.419,78.689,78.938,79.168,79.379,79.575,79.763
"Life expectancy at birth, total (years)",SP.DYN.LE00.IN,Guatemala,GTM,67.351,67.849,68.304,68.717,69.092,69.437,69.763,70.085,70.415,70.76,71.122,71.494,71.867,72.227,72.562,72.869,73.15,73.409,73.654
"Life expectancy at birth, total (years)",SP.DYN.LE00.IN,Guinea,GIN,51.273,51.181,51.229,51.451,51.859,52.444,53.17,53.972,54.775,55.521,56.185,56.765,57.282,57.782,58.301,58.846,59.419,60.015,60.617
"Life expectancy at birth, total (years)",SP.DYN.LE00.IN,Guinea-Bissau,GNB,52.079,52.27,52.45,52.636,52.845,53.084,53.357,53.663,53.991,54.333,54.687,55.05,55.424,55.807,56.2,56.598,57,57.403,57.805
"Life expectancy at birth, total (years)",SP.DYN.LE00.IN,Guyana,GUY,64.785,64.93,65.065,65.192,65.313,65.428,65.538,65.642,65.741,65.836,65.929,66.022,66.117,66.216,66.318,66.425,66.536,66.65,66.766
"Life expectancy at birth, total (years)",SP.DYN.LE00.IN,Haiti,HTI,57.467,57.716,57.969,58.239,58.535,58.86,59.219,59.61,60.023,60.448,60.876,61.296,61.699,62.078,62.432,62.757,63.055,63.33,63.589
"Life expectancy at birth, total (years)",SP.DYN.LE00.IN,Honduras,HND,70.288,70.537,70.756,70.957,71.15,71.341,71.532,71.724,71.911,72.093,72.27,72.446,72.624,72.805,72.99,73.181,73.376,73.575,73.774
"Life expectancy at birth, total (years)",SP.DYN.LE00.IN,"Hong Kong SAR, China",HKG,80.38292683,80.87804878,81.42439024,81.42682927,81.37804878,81.82926829,81.62926829,82.37560976,82.32682927,82.37560976,82.77560976,82.97804878,83.42195122,83.4804878,83.83170732,83.9804878,84.27804878,84.22682927,84.6804878
"Life expectancy at birth, total (years)",SP.DYN.LE00.IN,Hungary,HUN,70.67707317,71.24634146,72.24878049,72.34878049,72.3,72.64878049,72.64878049,73.09756098,73.15121951,73.70243902,73.90487805,74.20731707,74.85853659,75.06341463,75.56585366,75.76341463,75.56829268,76.06341463,76.06341463
"Life expectancy at birth, total (years)",SP.DYN.LE00.IN,Iceland,ISL,79.35121951,79.65365854,80.6902439,80.50243902,80.96341463,80.99756098,81.50243902,81.15853659,81.45365854,81.6097561,81.75121951,81.89756098,82.35853659,82.91707317,82.06097561,82.86097561,82.46829268,82.20487805,82.20487805
"Life expectancy at birth, total (years)",SP.DYN.LE00.IN,India,IND,62.179,62.582,62.977,63.368,63.759,64.154,64.556,64.966,65.383,65.802,66.219,66.625,67.013,67.377,67.714,68.021,68.302,68.56,68.803
"Life expectancy at birth, total (years)",SP.DYN.LE00.IN,Indonesia,IDN,66.087,66.285,66.467,66.643,66.82,67.002,67.191,67.386,67.581,67.775,67.964,68.15,68.331,68.509,68.684,68.856,69.025,69.191,69.355
"Life expectancy at birth, total (years)",SP.DYN.LE00.IN,"Iran, Islamic Rep.",IRN,69.775,70.144,70.526,70.899,71.249,71.582,71.912,72.259,72.635,73.044,73.481,73.932,74.375,74.787,75.153,75.466,75.73,75.953,76.153
"Life expectancy at birth, total (years)",SP.DYN.LE00.IN,Iraq,IRQ,69.183,69.169,69.081,68.932,68.742,68.537,68.35,68.217,68.156,68.177,68.283,68.465,68.702,68.963,69.219,69.458,69.672,69.862,70.038
"Life expectancy at birth, total (years)",SP.DYN.LE00.IN,Ireland,IRL,76.08292683,76.53658537,77.13414634,77.63414634,78.13902439,78.53902439,78.94390244,79.24146341,79.64146341,80.09512195,80.1902439,80.74390244,80.74634146,80.84634146,80.94878049,81.34878049,81.45365854,81.70487805,81.95609756
"Life expectancy at birth, total (years)",SP.DYN.LE00.IN,Isle of Man,IMN,..,..,..,77.96585366,..,..,..,..,..,..,..,..,..,..,..,..,..,..,..
"Life expectancy at birth, total (years)",SP.DYN.LE00.IN,Israel,ISR,78.65853659,78.95365854,79.40731707,79.45121951,79.64878049,80.14634146,80.15121951,80.55365854,80.50487805,80.95121951,81.40487805,81.60243902,81.65609756,81.70487805,82.05609756,82.15365854,82.05121951,82.40731707,82.60243902
"Life expectancy at birth, total (years)",SP.DYN.LE00.IN,Italy,ITA,79.42439024,79.77804878,80.12682927,80.22926829,79.98292683,80.7804878,80.78292683,81.28292683,81.43414634,81.48536585,81.63658537,82.03658537,82.18780488,82.23902439,82.6902439,83.0902439,82.54390244,83.24390244,83.24390244
"Life expectancy at birth, total (years)",SP.DYN.LE00.IN,Jamaica,JAM,72.205,72.327,72.487,72.683,72.911,73.167,73.446,73.739,74.038,74.334,74.619,74.883,75.122,75.334,75.523,75.689,75.836,75.97,76.097
"Life expectancy at birth, total (years)",SP.DYN.LE00.IN,Japan,JPN,80.57073171,81.07609756,81.41707317,81.56341463,81.76,82.0302439,81.92512195,82.32195122,82.50707317,82.58756098,82.93146341,82.84268293,82.59121951,83.09609756,83.33195122,83.58780488,83.79390244,83.98487805,84.0997561
"Life expectancy at birth, total (years)",SP.DYN.LE00.IN,Jordan,JOR,71.556,71.73,71.907,72.083,72.256,72.427,72.594,72.76,72.924,73.087,73.25,73.412,73.571,73.729,73.883,74.034,74.182,74.329,74.476
"Life expectancy at birth, total (years)",SP.DYN.LE00.IN,Kazakhstan,KAZ,65.5195122,65.51707317,65.76829268,65.96829268,65.86585366,65.88780488,65.9097561,66.16097561,66.50487805,67.02195122,68.42926829,68.29536585,68.98,69.61,70.45,71.62,72,72.3,72.95
"Life expectancy at birth, total (years)",SP.DYN.LE00.IN,Kenya,KEN,51.805,51.751,52.004,52.565,53.413,54.513,55.819,57.271,58.784,60.275,61.68,62.936,64.008,64.907,65.651,66.242,66.695,67.032,67.291
"Life expectancy at birth, total (years)",SP.DYN.LE00.IN,Kiribati,KIR,63.745,64.001,64.231,64.43,64.599,64.74,64.859,64.961,65.054,65.146,65.244,65.354,65.481,65.623,65.78,65.949,66.13,66.317,66.506
"Life expectancy at birth, total (years)",SP.DYN.LE00.IN,"Korea, Dem. People’s Rep.",PRK,64.684,65.268,66.087,66.925,67.615,68.102,68.389,68.54,68.676,68.886,69.187,69.572,70.011,70.448,70.842,71.179,71.457,71.685,71.887
"Life expectancy at birth, total (years)",SP.DYN.LE00.IN,"Korea, Rep.",KOR,75.4097561,75.9097561,76.41219512,76.76585366,77.21463415,77.66585366,78.16829268,78.66829268,79.1195122,79.51707317,79.96829268,80.11707317,80.56829268,80.8195122,81.27073171,81.72195122,82.02439024,82.27560976,82.62682927
"Life expectancy at birth, total (years)",SP.DYN.LE00.IN,Kosovo,XKX,66.95121951,67.95121951,67.99756098,67.94390244,68.19512195,68.44634146,68.69512195,68.94634146,69.19756098,69.39756098,69.64878049,69.9,70.14878049,70.49756098,70.79756098,71.09756098,71.34634146,71.64634146,71.94634146
"Life expectancy at birth, total (years)",SP.DYN.LE00.IN,Kuwait,KWT,73.084,73.16,73.232,73.3,73.367,73.434,73.505,73.584,73.67,73.764,73.868,73.979,74.096,74.217,74.338,74.458,74.577,74.694,74.811
"Life expectancy at birth, total (years)",SP.DYN.LE00.IN,Kyrgyz Republic,KGZ,68.65609756,68.55853659,68.70731707,68.15609756,68.25609756,68.15365854,67.95609756,67.69512195,67.89512195,68.45121951,69.10243902,69.3,69.60243902,70.00243902,70.20243902,70.40243902,70.65121951,70.95121951,71.2
"Life expectancy at birth, total (years)",SP.DYN.LE00.IN,Lao PDR,LAO,58.359,58.923,59.494,60.07,60.648,61.224,61.793,62.348,62.886,63.402,63.893,64.357,64.795,65.208,65.6,65.975,66.335,66.683,67.021
"Life expectancy at birth, total (years)",SP.DYN.LE00.IN,Latvia,LVA,69.74292683,70.31463415,70.76097561,70.96097561,71.26585366,72.02682927,71.35609756,70.86585366,71.0195122,72.4195122,73.0804878,73.48292683,73.57560976,73.77804878,73.98292683,74.12439024,74.4804878,74.5804878,74.6804878
"Life expectancy at birth, total (years)",SP.DYN.LE00.IN,Lebanon,LBN,73.959,74.447,74.934,75.418,75.892,76.351,76.786,77.187,77.553,77.881,78.173,78.43,78.656,78.86,79.05,79.231,79.409,79.584,79.758
"Life expectancy at birth, total (years)",SP.DYN.LE00.IN,Lesotho,LSO,49.971,48.405,47.195,46.394,46.021,46.078,46.521,47.266,48.171,49.112,50.014,50.826,51.53,52.158,52.738,53.268,53.745,54.174,54.568
"Life expectancy at birth, total (years)",SP.DYN.LE00.IN,Liberia,LBR,52.314,52.423,52.543,52.814,53.323,54.084,55.052,56.136,57.207,58.167,58.977,59.631,60.155,60.615,61.066,61.527,62.007,62.505,63.006
"Life expectancy at birth, total (years)",SP.DYN.LE00.IN,Libya,LBY,70.352,70.473,70.616,70.783,70.97,71.17,71.362,71.521,71.629,71.681,71.679,71.643,71.598,71.574,71.592,71.659,71.776,71.934,72.11
"Life expectancy at birth, total (years)",SP.DYN.LE00.IN,Liechtenstein,LIE,79.1097561,76.82682927,79.27560976,79.63658537,79.96097561,81.77073171,80.66829268,80.94878049,81.29512195,82.68292683,81.5,81.84146341,81.79268293,82.38292683,82.26097561,82.07317073,82.65609756,82.25853659,82.25853659
"Life expectancy at birth, total (years)",SP.DYN.LE00.IN,Lithuania,LTU,71.57073171,72.0195122,71.65853659,71.76097561,72.06097561,71.96097561,71.25365854,71.05609756,70.9,71.81219512,72.91463415,73.26829268,73.56341463,73.86341463,73.91463415,74.51707317,74.32195122,74.67073171,74.67073171
"Life expectancy at birth, total (years)",SP.DYN.LE00.IN,Luxembourg,LUX,77.77073171,77.87317073,77.82439024,77.96585366,77.72682927,79.12195122,79.43170732,79.28780488,79.38292683,80.53902439,80.63658537,80.63170732,80.98780488,81.39268293,81.8,82.22926829,82.29268293,82.68536585,82.68536585
"Life expectancy at birth, total (years)",SP.DYN.LE00.IN,"Macao SAR, China",MAC,80.15,80.407,80.645,80.87,81.089,81.304,81.523,81.748,81.981,82.22,82.462,82.704,82.937,83.155,83.355,83.536,83.7,83.849,83.991
"Life expectancy at birth, total (years)",SP.DYN.LE00.IN,Madagascar,MDG,57.782,58.485,59.129,59.717,60.256,60.752,61.212,61.65,62.079,62.509,62.944,63.388,63.836,64.28,64.713,65.133,65.539,65.932,66.312
"Life expectancy at birth, total (years)",SP.DYN.LE00.IN,Malawi,MWI,46.355,46.45,46.71,47.169,47.843,48.735,49.846,51.163,52.63,54.177,55.745,57.263,58.667,59.927,61.02,61.932,62.661,63.223,63.671
"Life expectancy at birth, total (years)",SP.DYN.LE00.IN,Malaysia,MYS,72.616,72.8,72.966,73.113,73.242,73.356,73.463,73.577,73.704,73.852,74.022,74.21,74.408,74.606,74.797,74.976,75.143,75.3,75.452
"Life expectancy at birth, total (years)",SP.DYN.LE00.IN,Maldives,MDV,69.035,69.936,70.842,71.737,72.603,73.418,74.151,74.771,75.269,75.648,75.92,76.112,76.259,76.401,76.571,76.783,77.042,77.339,77.649
"Life expectancy at birth, total (years)",SP.DYN.LE00.IN,Mali,MLI,47.515,48.069,48.758,49.54,50.373,51.224,52.057,52.839,53.553,54.193,54.756,55.249,55.694,56.122,56.556,57.007,57.478,57.966,58.456
"Life expectancy at birth, total (years)",SP.DYN.LE00.IN,Malta,MLT,77.5,78.34878049,78.84390244,78.73902439,78.54634146,79.25365854,79.3,79.43902439,79.79268293,79.63658537,80.24146341,81.39756098,80.74634146,80.74634146,81.74634146,82.04634146,81.89756098,82.45365854,82.45365854
"Life expectancy at birth, total (years)",SP.DYN.LE00.IN,Marshall Islands,MHL,67.50487805,65.23902439,..,..,..,..,..,..,..,..,..,..,..,..,..,..,..,..,..
"Life expectancy at birth, total (years)",SP.DYN.LE00.IN,Mauritania,MRT,59.957,60.049,60.143,60.25,60.381,60.539,60.729,60.952,61.199,61.461,61.73,61.997,62.253,62.492,62.711,62.907,63.082,63.238,63.384
"Life expectancy at birth, total (years)",SP.DYN.LE00.IN,Mauritius,MUS,70.96097561,71.66341463,71.76585366,71.96585366,72.12130081,72.27674797,72.43219512,72.43219512,72.57073171,72.57073171,72.88243902,72.96731707,73.26682927,73.86341463,74.01707317,74.19439024,74.35317073,74.39487805,74.51463415
"Life expectancy at birth, total (years)",SP.DYN.LE00.IN,Mexico,MEX,74.103,74.364,74.598,74.809,75.002,75.18,75.347,75.505,75.656,75.802,75.948,76.096,76.251,76.412,76.579,76.753,76.933,77.118,77.305
"Life expectancy at birth, total (years)",SP.DYN.LE00.IN,"Micronesia, Fed. Sts.",FSM,67.195,67.3,67.414,67.539,67.675,67.82,67.969,68.115,68.251,68.375,68.484,68.582,68.673,68.765,68.862,68.966,69.078,69.195,69.316
"Life expectancy at birth, total (years)",SP.DYN.LE00.IN,Moldova,MDA,66.852,67.006,67.185,67.362,67.521,67.665,67.82,68.022,68.302,68.671,69.119,69.616,70.117,70.577,70.961,71.258,71.468,71.61,71.718
"Life expectancy at birth, total (years)",SP.DYN.LE00.IN,Monaco,MCO,..,..,..,..,..,..,..,..,..,..,..,..,..,..,..,..,..,..,..
"Life expectancy at birth, total (years)",SP.DYN.LE00.IN,Mongolia,MNG,62.446,62.869,63.319,63.777,64.23,64.671,65.104,65.539,65.987,66.449,66.92,67.383,67.82,68.215,68.558,68.847,69.087,69.287,69.465
"Life expectancy at birth, total (years)",SP.DYN.LE00.IN,Montenegro,MNE,73.288,73.228,73.23,73.277,73.355,73.465,73.62,73.834,74.116,74.462,74.858,75.28,75.7,76.089,76.43,76.712,76.938,77.116,77.271
"Life expectancy at birth, total (years)",SP.DYN.LE00.IN,Morocco,MAR,68.284,68.722,69.209,69.738,70.296,70.873,71.456,72.029,72.58,73.097,73.572,73.999,74.377,74.717,75.026,75.309,75.573,75.821,76.059
"Life expectancy at birth, total (years)",SP.DYN.LE00.IN,Mozambique,MOZ,47.841,48.348,48.859,49.406,50.007,50.663,51.362,52.079,52.785,53.459,54.096,54.7,55.288,55.878,56.483,57.099,57.714,58.311,58.872
"Life expectancy at birth, total (years)",SP.DYN.LE00.IN,Myanmar,MMR,61.802,62.133,62.452,62.757,63.046,63.323,63.597,63.88,64.181,64.501,64.838,65.178,65.506,65.805,66.066,66.285,66.464,66.612,66.744
"Life expectancy at birth, total (years)",SP.DYN.LE00.IN,Namibia,NAM,56.533,55.608,54.798,54.145,53.693,53.48,53.563,53.983,54.712,55.697,56.883,58.189,59.527,60.815,61.982,62.981,63.782,64.388,64.85
"Life expectancy at birth, total (years)",SP.DYN.LE00.IN,Nauru,NRU,..,..,..,..,..,..,..,..,..,..,..,..,..,..,..,..,..,..,..
"Life expectancy at birth, total (years)",SP.DYN.LE00.IN,Nepal,NPL,61.661,62.386,63.082,63.745,64.376,64.973,65.537,66.066,66.565,67.036,67.484,67.914,68.329,68.732,69.126,69.511,69.887,70.253,70.604
"Life expectancy at birth, total (years)",SP.DYN.LE00.IN,Netherlands,NLD,77.83658537,77.98780488,78.1902439,78.29268293,78.49268293,79.09512195,79.34634146,79.69756098,80.09756098,80.25121951,80.54878049,80.70243902,81.20487805,81.10487805,81.30487805,81.70731707,81.5097561,81.56097561,81.56097561
"Life expectancy at birth, total (years)",SP.DYN.LE00.IN,New Caledonia,NCL,73.87560976,75.16341463,74.83170732,75.10243902,75.27073171,75.47073171,75.72195122,76.07560976,76.47804878,76.6804878,76.9804878,77.25912213,76.64683538,77.06907036,77.17621087,77.2528726,77.24430351,76.96150074,77.14878049
"Life expectancy at birth, total (years)",SP.DYN.LE00.IN,New Zealand,NZL,77.8902439,78.63658537,78.69268293,78.84634146,79.14634146,79.54878049,79.85121951,80.04878049,80.15121951,80.35121951,80.70243902,80.70243902,80.90487805,81.15609756,81.40731707,81.40487805,81.45682927,81.61243902,81.65853659
"Life expectancy at birth, total (years)",SP.DYN.LE00.IN,Nicaragua,NIC,69.272,69.742,70.214,70.675,71.117,71.537,71.935,72.313,72.677,73.028,73.369,73.699,74.016,74.319,74.608,74.884,75.149,75.404,75.653
"Life expectancy at birth, total (years)",SP.DYN.LE00.IN,Niger,NER,49.253,49.874,50.494,51.123,51.77,52.436,53.127,53.849,54.593,55.35,56.105,56.838,57.528,58.16,58.727,59.228,59.667,60.058,60.422
"Life expectancy at birth, total (years)",SP.DYN.LE00.IN,Nigeria,NGA,46.101,46.266,46.509,46.834,47.24,47.717,48.246,48.802,49.356,49.887,50.385,50.847,51.279,51.699,52.121,52.549,52.985,53.428,53.875
"Life expectancy at birth, total (years)",SP.DYN.LE00.IN,North Macedonia,MKD,73.038,73.267,73.47,73.642,73.782,73.893,73.986,74.077,74.18,74.305,74.457,74.632,74.824,75.019,75.207,75.384,75.549,75.703,75.851
"Life expectancy at birth, total (years)",SP.DYN.LE00.IN,Northern Mariana Islands,MNP,..,..,..,..,..,..,..,..,..,..,..,..,..,..,..,..,..,..,..
"Life expectancy at birth, total (years)",SP.DYN.LE00.IN,Norway,NOR,78.28292683,78.63414634,78.78536585,78.98780488,79.3902439,79.84146341,80.04146341,80.34390244,80.39512195,80.59268293,80.79512195,80.99756098,81.29512195,81.45121951,81.75121951,82.1,82.30487805,82.40731707,82.5097561
"Life expectancy at birth, total (years)",SP.DYN.LE00.IN,Oman,OMN,71.664,72.126,72.58,73.022,73.447,73.851,74.231,74.58,74.898,75.188,75.451,75.694,75.922,76.141,76.358,76.578,76.801,77.029,77.258
"Life expectancy at birth, total (years)",SP.DYN.LE00.IN,Pakistan,PAK,62.476,62.727,62.967,63.196,63.414,63.625,63.836,64.06,64.303,64.565,64.845,65.134,65.419,65.686,65.927,66.139,66.322,66.481,66.629
"Life expectancy at birth, total (years)",SP.DYN.LE00.IN,Palau,PLW,..,70.49365854,..,..,..,..,69.12926829,..,..,..,..,..,..,..,..,..,..,..,..
"Life expectancy at birth, total (years)",SP.DYN.LE00.IN,Panama,PAN,74.895,75.084,75.267,75.443,75.614,75.782,75.947,76.114,76.285,76.46,76.641,76.828,77.021,77.216,77.413,77.61,77.806,78.001,78.195
"Life expectancy at birth, total (years)",SP.DYN.LE00.IN,Papua New Guinea,PNG,61.538,61.832,62.139,62.458,62.784,63.113,63.433,63.733,64.006,64.247,64.455,64.634,64.791,64.937,65.082,65.23,65.384,65.544,65.705
"Life expectancy at birth, total (years)",SP.DYN.LE00.IN,Paraguay,PRY,69.808,70.07,70.335,70.593,70.838,71.067,71.281,71.485,71.686,71.887,72.089,72.285,72.47,72.638,72.786,72.913,73.023,73.12,73.211
"Life expectancy at birth, total (years)",SP.DYN.LE00.IN,Peru,PER,70.036,70.512,70.964,71.389,71.784,72.146,72.473,72.764,73.023,73.258,73.475,73.681,73.883,74.088,74.298,74.518,74.747,74.983,75.22
"Life expectancy at birth, total (years)",SP.DYN.LE00.IN,Philippines,PHL,67.019,67.17,67.308,67.434,67.555,67.67,67.783,67.892,68,68.105,68.211,68.32,68.433,68.553,68.68,68.813,68.951,69.094,69.238
"Life expectancy at birth, total (years)",SP.DYN.LE00.IN,Poland,POL,73.04390244,73.74878049,74.2,74.49756098,74.59756098,74.84634146,74.99512195,75.14390244,75.24390244,75.54390244,75.69512195,76.24634146,76.69512195,76.74634146,77,77.60243902,77.45121951,77.85121951,77.85121951
"Life expectancy at birth, total (years)",SP.DYN.LE00.IN,Portugal,PRT,75.96341463,76.31463415,76.81463415,77.06585366,77.2195122,77.67073171,78.07073171,78.4195122,78.32195122,78.52439024,78.72682927,79.02682927,80.47073171,80.37317073,80.72195122,81.12195122,81.12439024,81.12439024,81.12439024
"Life expectancy at birth, total (years)",SP.DYN.LE00.IN,Puerto Rico,PRI,75.38117073,76.68926829,77.06682927,77.7604878,78.07121951,78.17585366,78.29609756,78.41634146,78.42585366,77.9034878,78.14980488,78.40817073,78.67119512,78.92641463,79.16739024,79.39012195,79.59612195,79.78831707,79.97363415
"Life expectancy at birth, total (years)",SP.DYN.LE00.IN,Qatar,QAT,76.164,76.279,76.387,76.488,76.581,76.668,76.754,76.843,76.94,77.049,77.169,77.301,77.443,77.59,77.739,77.888,78.036,78.184,78.331
"Life expectancy at birth, total (years)",SP.DYN.LE00.IN,Romania,ROU,70.51219512,71.16341463,71.16097561,71.0097561,71.3097561,71.59427561,71.87889512,72.16341463,72.56585366,72.56585366,73.3097561,73.45853659,74.4097561,74.41219512,75.06341463,74.9097561,75.01219512,75.3097561,75.3097561
"Life expectancy at birth, total (years)",SP.DYN.LE00.IN,Russian Federation,RUS,65.98219512,65.48365854,65.38341463,65.12878049,65.04780488,65.47097561,65.5297561,66.72756098,67.58682927,67.94926829,68.68463415,68.84121951,69.68390244,70.07219512,70.57878049,70.74365854,71.18341463,71.65121951,72.11902439
"Life expectancy at birth, total (years)",SP.DYN.LE00.IN,Rwanda,RWA,46.412,48.415,49.793,50.97,52.268,53.755,55.43,57.219,58.971,60.565,61.962,63.14,64.106,64.911,65.598,66.188,66.696,67.129,67.496
"Life expectancy at birth, total (years)",SP.DYN.LE00.IN,Samoa,WSM,68.967,69.305,69.637,69.97,70.314,70.673,71.051,71.451,71.866,72.288,72.71,73.122,73.513,73.875,74.206,74.504,74.77,75.013,75.24
"Life expectancy at birth, total (years)",SP.DYN.LE00.IN,San Marino,SMR,..,..,..,..,..,..,..,..,..,..,..,..,..,85.41707317,..,..,..,..,..
"Life expectancy at birth, total (years)",SP.DYN.LE00.IN,Sao Tome and Principe,STP,63.181,63.338,63.526,63.754,64.021,64.322,64.641,64.956,65.248,65.5,65.709,65.875,66.008,66.125,66.241,66.361,66.488,66.624,66.762
"Life expectancy at birth, total (years)",SP.DYN.LE00.IN,Saudi Arabia,SAU,72.187,72.44,72.651,72.82,72.948,73.041,73.112,73.176,73.245,73.331,73.44,73.574,73.73,73.896,74.066,74.234,74.4,74.561,74.72
"Life expectancy at birth, total (years)",SP.DYN.LE00.IN,Senegal,SEN,57.533,57.796,58.18,58.665,59.23,59.859,60.541,61.263,62.008,62.755,63.485,64.177,64.814,65.393,65.914,66.376,66.784,67.146,67.477
"Life expectancy at birth, total (years)",SP.DYN.LE00.IN,Serbia,SRB,..,71.58292683,72.23414634,72.28536585,72.43658537,72.68292683,72.83414634,73.38536585,73.63170732,73.88536585,73.98536585,74.33658537,74.53658537,74.83658537,75.18536585,75.33658537,75.28780488,75.68780488,76.08780488
"Life expectancy at birth, total (years)",SP.DYN.LE00.IN,Seychelles,SYC,72.66829268,72.77804878,73.25365854,71.08780488,71.02926829,72.66097561,72.13170732,72.21707317,73.14390244,73.16341463,73.08292683,73.19756098,72.72439024,74.27560976,73.1195122,73.22926829,74.29512195,74.3097561,74.3
"Life expectancy at birth, total (years)",SP.DYN.LE00.IN,Sierra Leone,SLE,37.822,38.702,39.66,40.66,41.669,42.66,43.624,44.566,45.5,46.432,47.348,48.224,49.034,49.762,50.401,50.951,51.423,51.835,52.214
"Life expectancy at birth, total (years)",SP.DYN.LE00.IN,Singapore,SGP,77.55121951,77.95121951,78.25121951,78.55121951,79.03902439,79.4902439,79.9902439,80.14146341,80.44146341,80.7902439,81.24146341,81.54146341,81.74390244,81.99512195,82.24634146,82.49512195,82.74390244,82.84634146,82.89512195
"Life expectancy at birth, total (years)",SP.DYN.LE00.IN,Sint Maarten (Dutch part),SXM,..,..,..,..,..,..,..,..,74.54390244,74.53658537,75.58780488,..,..,73.05365854,..,..,..,..,..
"Life expectancy at birth, total (years)",SP.DYN.LE00.IN,Slovak Republic,SVK,72.90243902,73.05121951,73.40243902,73.60487805,73.60487805,73.95853659,73.90487805,74.20487805,74.20731707,74.70487805,74.9097561,75.11219512,75.95853659,76.1097561,76.41219512,76.81219512,76.56341463,77.16585366,77.16585366
"Life expectancy at birth, total (years)",SP.DYN.LE00.IN,Slovenia,SVN,75.0097561,75.41219512,75.75853659,76.00731707,76.85853659,77.20731707,77.61219512,78.08658537,78.56097561,78.76585366,78.97073171,79.42195122,79.97073171,80.12439024,80.32195122,81.07804878,80.77560976,81.17560976,81.17560976
"Life expectancy at birth, total (years)",SP.DYN.LE00.IN,Solomon Islands,SLB,62.449,63.103,63.744,64.368,64.971,65.549,66.104,66.635,67.147,67.641,68.118,68.572,69.001,69.4,69.771,70.113,70.43,70.726,71.006
"Life expectancy at birth, total (years)",SP.DYN.LE00.IN,Somalia,SOM,50.389,50.867,51.211,51.49,51.761,52.042,52.344,52.666,52.996,53.323,53.652,53.986,54.332,54.694,55.072,55.467,55.876,56.293,56.714
"Life expectancy at birth, total (years)",SP.DYN.LE00.IN,South Africa,ZAF,57.45,56.341,55.273,54.299,53.481,52.878,52.567,52.614,53.01,53.72,54.701,55.888,57.201,58.545,59.83,60.993,61.981,62.774,63.404
"Life expectancy at birth, total (years)",SP.DYN.LE00.IN,South Sudan,SSD,48.825,49.239,49.631,50.013,50.393,50.782,51.19,51.627,52.095,52.591,53.113,53.655,54.206,54.756,55.294,55.817,56.322,56.811,57.288
"Life expectancy at birth, total (years)",SP.DYN.LE00.IN,Spain,ESP,78.71707317,78.96585366,79.36829268,79.56829268,79.6195122,79.87073171,80.17073171,80.82195122,80.87317073,81.17560976,81.47560976,81.62682927,82.47560976,82.42682927,83.07804878,83.22926829,82.83170732,83.32926829,83.32926829
"Life expectancy at birth, total (years)",SP.DYN.LE00.IN,Sri Lanka,LKA,70.296,71.002,71.775,72.511,73.128,73.593,73.896,74.059,74.144,74.207,74.27,74.352,74.462,74.593,74.741,74.906,75.088,75.284,75.485
"Life expectancy at birth, total (years)",SP.DYN.LE00.IN,St. Kitts and Nevis,KNA,..,..,..,71.33658537,..,..,..,..,..,..,..,..,..,..,..,..,..,..,..
"Life expectancy at birth, total (years)",SP.DYN.LE00.IN,St. Lucia,LCA,71.307,71.456,71.676,71.958,72.287,72.652,73.028,73.393,73.728,74.02,74.265,74.465,74.633,74.788,74.947,75.117,75.3,75.496,75.696
"Life expectancy at birth, total (years)",SP.DYN.LE00.IN,St. Martin (French part),MAF,76.77073171,76.97073171,77.17073171,77.37073171,77.57073171,77.72195122,77.87073171,78.07073171,78.22195122,78.37073171,78.57073171,78.72195122,78.87073171,79.02195122,79.17073171,79.32195122,79.47073171,79.62195122,79.72195122
"Life expectancy at birth, total (years)",SP.DYN.LE00.IN,St. Vincent and the Grenadines,VCT,70.587,70.593,70.635,70.719,70.846,71.014,71.218,71.446,71.683,71.914,72.13,72.327,72.501,72.657,72.802,72.935,73.06,73.179,73.294
"Life expectancy at birth, total (years)",SP.DYN.LE00.IN,Sudan,SDN,58.07,58.43,58.801,59.184,59.582,59.993,60.416,60.854,61.3,61.749,62.193,62.62,63.019,63.384,63.712,64.002,64.257,64.486,64.698
"Life expectancy at birth, total (years)",SP.DYN.LE00.IN,Suriname,SUR,67.798,67.838,67.918,68.051,68.239,68.48,68.768,69.089,69.422,69.749,70.057,70.335,70.578,70.79,70.976,71.138,71.279,71.405,71.523
"Life expectancy at birth, total (years)",SP.DYN.LE00.IN,Sweden,SWE,79.44146341,79.64390244,79.79512195,79.84634146,80.09512195,80.49756098,80.54634146,80.74878049,80.9,81.1,81.35121951,81.45121951,81.80243902,81.70487805,81.95609756,82.25365854,82.20487805,82.30731707,82.30731707
"Life expectancy at birth, total (years)",SP.DYN.LE00.IN,Switzerland,CHE,79.5804878,79.6804878,80.1804878,80.38536585,80.53658537,81.08780488,81.23658537,81.4902439,81.74146341,81.99268293,82.04390244,82.24634146,82.69512195,82.69756098,82.79756098,83.19756098,82.89756098,83.60243902,83.60243902
"Life expectancy at birth, total (years)",SP.DYN.LE00.IN,Syrian Arab Republic,SYR,72.882,73.11,73.371,73.663,73.967,74.25,74.43,74.412,74.152,73.648,72.939,72.108,71.27,70.549,70.046,69.817,69.904,70.31,70.963
"Life expectancy at birth, total (years)",SP.DYN.LE00.IN,Tajikistan,TJK,65.053,65.485,65.894,66.303,66.727,67.163,67.607,68.052,68.487,68.902,69.29,69.644,69.958,70.234,70.477,70.69,70.879,71.051,71.214
"Life expectancy at birth, total (years)",SP.DYN.LE00.IN,Tanzania,TZA,50.831,51.493,52.281,53.173,54.142,55.161,56.196,57.218,58.209,59.156,60.048,60.893,61.713,62.528,63.348,64.163,64.95,65.675,66.31
"Life expectancy at birth, total (years)",SP.DYN.LE00.IN,Thailand,THA,70.462,70.624,70.841,71.11,71.424,71.775,72.149,72.534,72.915,73.279,73.617,73.923,74.197,74.446,74.678,74.895,75.103,75.303,75.498
"Life expectancy at birth, total (years)",SP.DYN.LE00.IN,Timor-Leste,TLS,58.38,59.36,60.304,61.251,62.223,63.209,64.175,65.068,65.842,66.472,66.956,67.313,67.578,67.805,68.033,68.285,68.569,68.881,69.199
"Life expectancy at birth, total (years)",SP.DYN.LE00.IN,Togo,TGO,53.544,53.489,53.551,53.707,53.935,54.23,54.598,55.048,55.578,56.174,56.814,57.465,58.092,58.668,59.174,59.601,59.949,60.232,60.477
"Life expectancy at birth, total (years)",SP.DYN.LE00.IN,Tonga,TON,70.674,70.811,70.949,71.089,71.229,71.367,71.504,71.639,71.773,71.906,72.039,72.173,72.308,72.446,72.588,72.732,72.88,73.029,73.179
"Life expectancy at birth, total (years)",SP.DYN.LE00.IN,Trinidad and Tobago,TTO,68.489,68.532,68.584,68.648,68.724,68.816,68.927,69.06,69.214,69.384,69.567,69.756,69.942,70.118,70.28,70.426,70.556,70.673,70.783
"Life expectancy at birth, total (years)",SP.DYN.LE00.IN,Tunisia,TUN,72.883,73.155,73.402,73.629,73.836,74.026,74.2,74.352,74.483,74.595,74.695,74.793,74.9,75.023,75.167,75.335,75.525,75.731,75.943
"Life expectancy at birth, total (years)",SP.DYN.LE00.IN,Turkey,TUR,69.417,70.008,70.571,71.102,71.6,72.06,72.481,72.866,73.219,73.549,73.859,74.154,74.437,74.711,74.977,75.239,75.498,75.755,76.009
"Life expectancy at birth, total (years)",SP.DYN.LE00.IN,Turkmenistan,TKM,63.412,63.613,63.842,64.101,64.386,64.693,65.017,65.354,65.695,66.031,66.355,66.657,66.928,67.167,67.375,67.552,67.704,67.835,67.956
"Life expectancy at birth, total (years)",SP.DYN.LE00.IN,Turks and Caicos Islands,TCA,..,..,..,..,..,..,..,..,..,..,..,..,..,..,..,..,..,..,..
"Life expectancy at birth, total (years)",SP.DYN.LE00.IN,Tuvalu,TUV,..,..,..,..,..,..,..,..,..,..,..,..,..,..,..,..,..,..,..
"Life expectancy at birth, total (years)",SP.DYN.LE00.IN,Uganda,UGA,46.16,47.077,48.12,49.242,50.394,51.538,52.64,53.681,54.66,55.574,56.409,57.153,57.796,58.347,58.819,59.224,59.575,59.889,60.182
"Life expectancy at birth, total (years)",SP.DYN.LE00.IN,Ukraine,UKR,67.98097561,67.67560976,67.83707317,68.27560976,68.21073171,68.18536585,67.95682927,68.07756098,68.22219512,68.25146341,69.19,70.26536585,70.80926829,70.94414634,71.1595122,71.18658537,71.1895122,71.47634146,71.78097561
"Life expectancy at birth, total (years)",SP.DYN.LE00.IN,United Arab Emirates,ARE,73.987,74.239,74.487,74.73,74.968,75.2,75.422,75.632,75.828,76.012,76.183,76.344,76.498,76.648,76.798,76.948,77.101,77.256,77.412
"Life expectancy at birth, total (years)",SP.DYN.LE00.IN,United Kingdom,GBR,77.3902439,77.74146341,77.99268293,78.14390244,78.44634146,78.74634146,79.04878049,79.24878049,79.44878049,79.6,80.05121951,80.40243902,80.95121951,80.90487805,81.00487805,81.30487805,80.95609756,81.15609756,81.15609756
"Life expectancy at birth, total (years)",SP.DYN.LE00.IN,United States,USA,76.58292683,76.63658537,76.83658537,76.93658537,77.03658537,77.48780488,77.48780488,77.68780488,77.98780488,78.03902439,78.3902439,78.54146341,78.64146341,78.74146341,78.74146341,78.84146341,78.6902439,78.53902439,78.53902439
"Life expectancy at birth, total (years)",SP.DYN.LE00.IN,Uruguay,URY,74.577,74.805,75.022,75.229,75.427,75.614,75.792,75.961,76.124,76.282,76.436,76.588,76.739,76.89,77.04,77.19,77.341,77.493,77.645
"Life expectancy at birth, total (years)",SP.DYN.LE00.IN,Uzbekistan,UZB,66.959,67.154,67.366,67.594,67.837,68.094,68.367,68.663,68.982,69.319,69.665,70.005,70.322,70.604,70.844,71.039,71.192,71.314,71.42
"Life expectancy at birth, total (years)",SP.DYN.LE00.IN,Vanuatu,VUT,67.043,67.438,67.82,68.189,68.545,68.889,69.221,69.541,69.852,70.152,70.442,70.721,70.988,71.241,71.481,71.709,71.925,72.133,72.334
"Life expectancy at birth, total (years)",SP.DYN.LE00.IN,"Venezuela, RB",VEN,72.027,72.281,72.507,72.704,72.872,73.015,73.134,73.235,73.327,73.419,73.516,73.625,73.748,73.885,74.035,74.196,74.367,74.545,74.726
"Life expectancy at birth, total (years)",SP.DYN.LE00.IN,Vietnam,VNM,73.03,73.265,73.487,73.695,73.893,74.082,74.263,74.438,74.609,74.777,74.946,75.117,75.294,75.476,75.663,75.855,76.052,76.253,76.454
"Life expectancy at birth, total (years)",SP.DYN.LE00.IN,Virgin Islands (U.S.),VIR,76.46185366,76.6195122,77.67317073,77.62195122,77.57317073,77.87317073,77.42195122,78.47560976,76.86097561,77.26341463,77.61463415,77.96585366,78.41707317,78.66829268,78.86829268,78.96829268,79.16829268,79.26829268,79.4195122
"Life expectancy at birth, total (years)",SP.DYN.LE00.IN,West Bank and Gaza,PSE,70.592,70.778,70.95,71.115,71.277,71.44,71.605,71.773,71.942,72.11,72.277,72.444,72.613,72.783,72.954,73.126,73.299,73.473,73.646
"Life expectancy at birth, total (years)",SP.DYN.LE00.IN,"Yemen, Rep.",YEM,60.155,60.382,60.631,60.903,61.2,61.52,61.857,62.205,62.552,62.888,63.208,63.508,63.786,64.046,64.291,64.523,64.743,64.953,65.157
"Life expectancy at birth, total (years)",SP.DYN.LE00.IN,Zambia,ZMB,44.104,44.702,45.448,46.33,47.33,48.432,49.63,50.929,52.313,53.749,55.194,56.588,57.872,59.011,59.982,60.775,61.397,61.874,62.255
"Life expectancy at birth, total (years)",SP.DYN.LE00.IN,Zimbabwe,ZWE,45.647,44.841,44.326,44.109,44.188,44.571,45.282,46.344,47.719,49.337,51.122,52.975,54.8,56.516,58.053,59.36,60.398,61.163,61.712
"Life expectancy at birth, total (years)",SP.DYN.LE00.IN,Arab World,ARB,67.42499113,67.69493973,67.94873216,68.19448345,68.43963559,68.68794455,68.93805806,69.18636508,69.4245522,69.64697028,69.8514339,70.04105435,70.22389424,70.40801569,70.59829816,70.79395747,70.99454147,71.19845637,71.40375035
"Life expectancy at birth, total (years)",SP.DYN.LE00.IN,Caribbean small states,CSS,70.09096878,70.20376854,70.34122065,70.5733907,70.68737639,70.89174012,71.11305695,71.34540591,71.58238536,71.81658119,72.04214711,72.25239203,72.44463184,72.61917985,72.77917989,72.92618028,73.0627324,73.1924085,73.31837231
"Life expectancy at birth, total (years)",SP.DYN.LE00.IN,Central Europe and the Baltics,CEB,72.18456107,72.71972472,73.09614819,73.24241549,73.38225278,73.737153,73.83830018,74.09260273,74.25064872,74.57595268,74.93036393,75.29396578,75.88847488,75.9934886,76.35516299,76.67562361,76.59107024,76.98893983,77.03402473
"Life expectancy at birth, total (years)",SP.DYN.LE00.IN,Early-demographic dividend,EAR,64.16015981,64.48607304,64.80627362,65.12478813,65.44812293,65.78043288,66.12286084,66.47951379,66.84532278,67.21738361,67.59017772,67.95573244,68.30810435,68.64277594,68.95765752,69.24863965,69.51694097,69.76627113,70.00102514
"Life expectancy at birth, total (years)",SP.DYN.LE00.IN,East Asia & Pacific,EAS,71.20187914,71.57897995,71.95215037,72.30321695,72.64131941,72.96322808,73.23376157,73.51579403,73.76097782,73.98083231,74.20724353,74.38391549,74.54606546,74.74115423,74.91901498,75.08591768,75.24880585,75.40085776,75.55588441
"Life expectancy at birth, total (years)",SP.DYN.LE00.IN,East Asia & Pacific (excluding high income),EAP,70.22634591,70.59431268,70.97170367,71.34297134,71.69669831,72.02580502,72.32532622,72.59507692,72.84129067,73.07029659,73.28364889,73.4823447,73.66913485,73.84581764,74.01349101,74.17624122,74.33497357,74.49253256,74.64794925
"Life expectancy at birth, total (years)",SP.DYN.LE00.IN,East Asia & Pacific (IDA & IBRD countries),TEA,70.29731434,70.66242622,71.03413808,71.3994369,71.74887442,72.07595887,72.37557052,72.64681099,72.89435067,73.12349974,73.335636,73.53187396,73.71538372,73.88869261,74.05343078,74.21390768,74.37106401,74.527656,74.68240356
"Life expectancy at birth, total (years)",SP.DYN.LE00.IN,Euro area,EMU,78.02123942,78.27507332,78.59711551,78.68446788,78.70718255,79.27870162,79.42628613,79.85613241,80.0998851,80.30291584,80.50518158,80.746781,81.23282147,81.22715131,81.51231497,81.93341724,81.56930856,81.94591276,81.9510376
"Life expectancy at birth, total (years)",SP.DYN.LE00.IN,Europe & Central Asia,ECS,72.90340337,73.06075145,73.32149233,73.43403523,73.54533935,73.97848143,74.14019764,74.63472133,74.99098399,75.24792697,75.64124799,75.92966904,76.44221412,76.58872537,76.90135466,77.21613637,77.1622033,77.49829675,77.64580996
"Life expectancy at birth, total (years)",SP.DYN.LE00.IN,Europe & Central Asia (excluding high income),ECA,67.57273982,67.63742728,67.77229338,67.84985528,67.98209951,68.30723336,68.443785,69.06596313,69.57572136,69.869713,70.46964794,70.77348453,71.34136454,71.66794802,72.06261291,72.26295997,72.54111038,72.86035301,73.17739785
"Life expectancy at birth, total (years)",SP.DYN.LE00.IN,Europe & Central Asia (IDA & IBRD countries),TEC,68.12057002,68.22797666,68.40463554,68.50308307,68.62955541,68.95288636,69.08564473,69.66492984,70.1313088,70.42363686,70.97926541,71.30083799,71.85333782,72.15200532,72.52984522,72.7625368,72.9968135,73.32380427,73.60714088
"Life expectancy at birth, total (years)",SP.DYN.LE00.IN,European Union,EUU,76.82582381,77.15842713,77.49405713,77.60673668,77.69438884,78.19377286,78.36573065,78.73979368,78.96912166,79.18395702,79.44311804,79.72563731,80.23986815,80.25121645,80.53223222,80.91931999,80.62057914,80.97469388,80.9919104
"Life expectancy at birth, total (years)",SP.DYN.LE00.IN,Fragile and conflict affected situations,FCS,56.3191173,56.55824415,56.83781804,57.16181796,57.52578999,57.92334607,58.34539122,58.78295015,59.22332043,59.65431131,60.06832409,60.46104161,60.83537658,61.19858033,61.55471865,61.90263235,62.2405421,62.56940239,62.8889571
"Life expectancy at birth, total (years)",SP.DYN.LE00.IN,Heavily indebted poor countries (HIPC),HPC,51.76209005,52.20119216,52.70974289,53.28937259,53.93436257,54.63329619,55.37054588,56.1291451,56.88855783,57.62981792,58.33812485,59.00159342,59.61458962,60.18332479,60.71321088,61.20479335,61.65997345,62.08175389,62.47572339
"Life expectancy at birth, total (years)",SP.DYN.LE00.IN,High income,HIC,77.1888311,77.46320986,77.76054991,77.89959198,78.027247,78.43036056,78.52919607,78.8310451,79.0603414,79.20502498,79.47795927,79.65384343,79.889785,80.00872003,80.18534056,80.43795077,80.32768071,80.48509884,80.54614832
"Life expectancy at birth, total (years)",SP.DYN.LE00.IN,IBRD only,IBD,67.92809278,68.24398961,68.56582741,68.87486042,69.1783772,69.49461847,69.78309246,70.1108133,70.42155962,70.710805,71.02243684,71.30415136,71.60002655,71.85943592,72.11387231,72.34111661,72.55622151,72.76995419,72.97151576
"Life expectancy at birth, total (years)",SP.DYN.LE00.IN,IDA & IBRD total,IBT,65.35473305,65.65531289,65.96539472,66.27479798,66.59035251,66.924965,67.24538954,67.6013218,67.94625345,68.27341532,68.61379426,68.92401839,69.23731194,69.5160113,69.78464535,70.02657123,70.25343096,70.4740793,70.68145093
"Life expectancy at birth, total (years)",SP.DYN.LE00.IN,IDA blend,IDB,55.14634668,55.28831167,55.49679697,55.77615612,56.11033134,56.50531585,56.94884784,57.4321447,57.93924431,58.45229232,58.95741046,59.44707019,59.90258032,60.31664642,60.69952566,61.05037178,61.37007175,61.66244827,61.93716526
"Life expectancy at birth, total (years)",SP.DYN.LE00.IN,IDA only,IDX,56.14943559,56.5901723,57.06263652,57.56719915,58.11205245,58.68576909,59.2791027,59.88159353,60.48178852,61.06453132,61.61860723,62.1330488,62.60963441,63.05552471,63.47414213,63.86805549,64.23904036,64.58966602,64.92216053
"Life expectancy at birth, total (years)",SP.DYN.LE00.IN,IDA total,IDA,55.81570176,56.15757257,56.54308719,56.9738258,57.45004786,57.96569683,58.51043022,59.07425486,59.64413954,60.20401591,60.741829,61.2473614,61.71612151,62.15095623,62.55714351,62.93619516,63.28970182,63.62071912,63.93393119
"Life expectancy at birth, total (years)",SP.DYN.LE00.IN,Late-demographic dividend,LTE,70.86238036,71.21704876,71.59934374,71.95756476,72.31110184,72.67933179,72.98834598,73.34820486,73.66254121,73.93045492,74.21752892,74.44312015,74.71377621,74.92679957,75.14822333,75.34253089,75.53062642,75.73165986,75.92178395
"Life expectancy at birth, total (years)",SP.DYN.LE00.IN,Latin America & Caribbean,LCN,71.18293268,71.52983148,71.85017086,72.15562113,72.44327869,72.71782303,72.98253734,73.24038745,73.49142208,73.73473199,73.98045754,74.22200287,74.45905564,74.6891259,74.91177893,75.1272318,75.33617056,75.54001196,75.73981648
"Life expectancy at birth, total (years)",SP.DYN.LE00.IN,Latin America & Caribbean (excluding high income),LAC,70.72674057,71.08406765,71.41975343,71.73769421,72.03962478,72.32962822,72.60969422,72.88220314,73.14901957,73.41086573,73.66923397,73.92241471,74.1701152,74.40973245,74.64039484,74.8628564,75.07764241,75.28667364,75.4910294
"Life expectancy at birth, total (years)",SP.DYN.LE00.IN,Latin America & the Caribbean (IDA & IBRD countries),TLA,71.03110801,71.37551102,71.69928541,72.00524978,72.29513093,72.57253208,72.83980346,73.09968836,73.35471307,73.60592727,73.85486873,74.10007589,74.34115255,74.575218,74.80115875,75.01968607,75.23120107,75.43739896,75.63927005
"Life expectancy at birth, total (years)",SP.DYN.LE00.IN,Least developed countries: UN classification,LDC,55.23003045,55.72941304,56.25710213,56.81776281,57.41028774,58.02919321,58.66648649,59.31391369,59.95961927,60.59195705,61.20192894,61.77919814,62.31687056,62.81598745,63.27765038,63.70171696,64.08958665,64.44519781,64.77531946
"Life expectancy at birth, total (years)",SP.DYN.LE00.IN,Low & middle income,LMY,65.20393794,65.5055452,65.81793928,66.13203846,66.45360043,66.79164087,67.11616903,67.47535581,67.82413673,68.15348655,68.49746639,68.80862564,69.12360766,69.40622466,69.67716032,69.91850823,70.14947801,70.36986784,70.57979747
"Life expectancy at birth, total (years)",SP.DYN.LE00.IN,Low income,LIC,53.1204937,53.5737272,54.09220406,54.67038092,55.2997826,55.97061071,56.66934431,57.38254081,58.09364421,58.78452958,59.43990124,60.05002598,60.61280243,61.13701181,61.6298427,62.09304317,62.52786541,62.93547351,63.31944856
"Life expectancy at birth, total (years)",SP.DYN.LE00.IN,Lower middle income,LMC,62.36056772,62.66553893,62.98528173,63.3163057,63.64741632,63.98864263,64.3354803,64.69760679,65.06622247,65.43328521,65.8119929,66.18045825,66.52235373,66.83696415,67.13127845,67.3996088,67.64740182,67.88222295,68.10542446
"Life expectancy at birth, total (years)",SP.DYN.LE00.IN,Middle East & North Africa,MEA,69.50488236,69.79573622,70.07930757,70.34422242,70.60351185,70.86495732,71.11193834,71.36338663,71.59897162,71.83395358,72.0600866,72.27176961,72.47396937,72.67549264,72.88490235,73.0878404,73.2858619,73.49248387,73.69514887
"Life expectancy at birth, total (years)",SP.DYN.LE00.IN,Middle East & North Africa (excluding high income),MNA,68.9767907,69.26552444,69.54642906,69.81984648,70.08612253,70.3479018,70.60505424,70.85680653,71.09885257,71.32866925,71.54629211,71.754805,71.95932788,72.1641462,72.37149736,72.57882985,72.78573636,72.99192022,73.19827017
"Life expectancy at birth, total (years)",SP.DYN.LE00.IN,Middle East & North Africa (IDA & IBRD countries),TMN,68.95993739,69.24962818,69.53156217,69.80601517,70.07329761,70.33604201,70.59410637,70.84669595,71.08947598,71.31988557,71.5379884,71.7468881,71.95173083,72.156869,72.36456741,72.57224343,72.77948414,72.98598886,73.19268003
"Life expectancy at birth, total (years)",SP.DYN.LE00.IN,Middle income,MIC,66.4284837,66.72914678,67.03770583,67.34210589,67.6491558,67.96954025,68.2711789,68.60899269,68.93470231,69.23990604,69.5641628,69.85572158,70.15594399,70.42349388,70.68091963,70.9082214,71.12708788,71.33716328,71.53820293
"Life expectancy at birth, total (years)",SP.DYN.LE00.IN,North America,NAC,76.8097884,76.8826012,77.08284548,77.187832,77.30305302,77.72485068,77.75458982,77.94938783,78.23954091,78.30097125,78.64772604,78.80945909,78.92058693,79.0317535,79.04274676,79.13881913,79.01316049,78.91905782,78.93830102
"Life expectancy at birth, total (years)",SP.DYN.LE00.IN,Not classified,INX,..,..,..,..,..,..,..,..,..,..,..,..,..,..,..,..,..,..,..
"Life expectancy at birth, total (years)",SP.DYN.LE00.IN,OECD members,OED,76.78266709,77.06329945,77.36559038,77.52101344,77.6708607,78.0769153,78.20187297,78.50226867,78.73836862,78.89653054,79.16646304,79.34716044,79.58871965,79.7122266,79.88615457,80.1469768,80.05046578,80.22091693,80.28905245
"Life expectancy at birth, total (years)",SP.DYN.LE00.IN,Other small states,OSS,60.85885698,60.72928181,60.64333569,60.70390543,60.89517041,61.25295458,61.73321744,62.27988576,62.92000979,63.60937429,64.31274922,64.94919075,65.52609662,66.07808669,66.54816716,66.97094432,67.36542822,67.6978745,67.99201822
"Life expectancy at birth, total (years)",SP.DYN.LE00.IN,Pacific island small states,PSS,66.44964733,66.71833496,67.01678296,67.30834822,67.59492455,67.87665024,68.16485137,68.43121752,68.70593424,68.97834924,69.24902687,69.51435259,69.7727486,70.02020209,70.25639826,70.48014766,70.69238368,70.89537639,71.09127966
"Life expectancy at birth, total (years)",SP.DYN.LE00.IN,Post-demographic dividend,PST,77.11509647,77.35426722,77.64643998,77.78633706,77.91459503,78.34131251,78.43523771,78.7609618,79.01548918,79.15864761,79.48207283,79.69106109,79.95811913,80.0924282,80.27448066,80.53168254,80.4037821,80.56972183,80.63303276
"Life expectancy at birth, total (years)",SP.DYN.LE00.IN,Pre-demographic dividend,PRE,50.38800301,50.72619681,51.1518625,51.6598242,52.23898863,52.8758061,53.55334438,54.25412331,54.95863186,55.64972315,56.31424917,56.94126383,57.526315,58.07524658,58.59298474,59.07923586,59.53466941,59.96143906,60.36433091
"Life expectancy at birth, total (years)",SP.DYN.LE00.IN,Small states,SST,63.27062045,63.20370428,63.16381025,63.28458254,63.41580796,63.71258205,64.10263057,64.53557759,65.04106264,65.58405447,66.13974437,66.64690879,67.11005467,67.55230178,67.9348941,68.27946106,68.60167613,68.87665165,69.1225474
"Life expectancy at birth, total (years)",SP.DYN.LE00.IN,South Asia,SAS,62.4476909,62.86522183,63.2716067,63.66944702,64.06143294,64.45131702,64.84230334,65.23711423,65.63646252,66.03714858,66.43652927,66.8267569,67.20119624,67.55372165,67.88114502,68.18110893,68.45652588,68.71053305,68.95037203
"Life expectancy at birth, total (years)",SP.DYN.LE00.IN,South Asia (IDA & IBRD),TSA,62.4476909,62.86522183,63.2716067,63.66944702,64.06143294,64.45131702,64.84230334,65.23711423,65.63646252,66.03714858,66.43652927,66.8267569,67.20119624,67.55372165,67.88114502,68.18110893,68.45652588,68.71053305,68.95037203
"Life expectancy at birth, total (years)",SP.DYN.LE00.IN,Sub-Saharan Africa,SSF,50.30476161,50.53970081,50.86625178,51.29114625,51.81309023,52.42406201,53.11151418,53.85952794,54.64152426,55.43008756,56.20431854,56.94394527,57.63676591,58.28393628,58.88454237,59.43651461,59.93914297,60.39483799,60.81331905
"Life expectancy at birth, total (years)",SP.DYN.LE00.IN,Sub-Saharan Africa (excluding high income),SSA,50.3020082,50.53701023,50.86361154,51.28880199,51.81089931,52.42182381,53.10945677,53.85755444,54.63957847,55.42823167,56.2025929,56.94228256,57.63530314,58.28241288,58.8831983,59.4352274,59.93780952,60.3935628,60.81210078
"Life expectancy at birth, total (years)",SP.DYN.LE00.IN,Sub-Saharan Africa (IDA & IBRD countries),TSS,50.30476161,50.53970081,50.86625178,51.29114625,51.81309023,52.42406201,53.11151418,53.85952794,54.64152426,55.43008756,56.20431854,56.94394527,57.63676591,58.28393628,58.88454237,59.43651461,59.93914297,60.39483799,60.81331905
"Life expectancy at birth, total (years)",SP.DYN.LE00.IN,Upper middle income,UMC,70.51089197,70.82732965,71.16064231,71.47498705,71.79465415,72.13033514,72.42052885,72.76811982,73.08340817,73.35617124,73.65380653,73.89361379,74.17901985,74.42351023,74.66795331,74.8763981,75.08969731,75.29799472,75.49959596
"Life expectancy at birth, total (years)",SP.DYN.LE00.IN,World,WLD,67.40358939,67.68280915,67.97893401,68.2490159,68.52345087,68.86176555,69.13542701,69.47496682,69.79407704,70.08327786,70.40567468,70.68300951,70.9717043,71.21560988,71.45987782,71.69298196,71.8565563,72.05664307,72.23158889
,,,,,,,,,,,,,,,,,,,,,,
,,,,,,,,,,,,,,,,,,,,,,
,,,,,,,,,,,,,,,,,,,,,,
Data from database: World Development Indicators,,,,,,,,,,,,,,,,,,,,,,
Last Updated: 04/24/2019,,,,,,,,,,,,,,,,,,,,,,
